{
  "project_info": {
    "project_number": "851042488841",
    "firebase_url": "https://arshop-7063a.firebaseio.com",
    "project_id": "arshop-7063a",
    "storage_bucket": "arshop-7063a.appspot.com"
  },
  "client": [
    {
      "client_info": {
        "mobilesdk_app_id": "1:851042488841:android:1c5a5ea54bc56c9d305ed8",
        "android_client_info": {
          "package_name": "com.devlim.senierproject"
        }
      },
      "oauth_client": [
        {
          "client_id": "851042488841-kptvbrobeks78mcvlfde66n9tkii7djj.apps.googleusercontent.com",
          "client_type": 1,
          "android_info": {
            "package_name": "com.devlim.senierproject",
            "certificate_hash": "c66199a7767981080993b791b25146f93361172e"
          }
        },
        {
          "client_id": "851042488841-0pbnfocjoc93io2nm25brm9q3s43bcre.apps.googleusercontent.com",
          "client_type": 3
        }
      ],
      "api_key": [
        {
          "current_key": "AIzaSyBHK4X-Q306PDDx5L77bwDeSt2vb1ID4_w"
        }
      ],
      "services": {
        "appinvite_service": {
          "other_platform_oauth_client": [
            {
              "client_id": "851042488841-0pbnfocjoc93io2nm25brm9q3s43bcre.apps.googleusercontent.com",
              "client_type": 3
            }
          ]
        }
      }
    }
  ],
  "configuration_version": "1"
}